{"stats":{"minecraft:mined":{"minecraft:tall_grass":2},"minecraft:custom":{"minecraft:jump":160,"minecraft:time_since_rest":4338,"minecraft:damage_dealt":15,"minecraft:crouch_one_cm":15,"minecraft:leave_game":4,"minecraft:play_time":17632,"minecraft:sprint_one_cm":35769,"minecraft:time_since_death":17632,"minecraft:walk_one_cm":12203,"minecraft:sleep_in_bed":2,"minecraft:sneak_time":11,"minecraft:total_world_time":17632,"minecraft:fall_one_cm":3553,"minecraft:fly_one_cm":52199}},"DataVersion":3953}