{"stats":{"minecraft:mined":{"minecraft:tall_grass":2},"minecraft:custom":{"minecraft:jump":110,"minecraft:time_since_rest":4999,"minecraft:damage_dealt":15,"minecraft:crouch_one_cm":15,"minecraft:leave_game":3,"minecraft:play_time":10892,"minecraft:sprint_one_cm":22346,"minecraft:time_since_death":10892,"minecraft:walk_one_cm":7601,"minecraft:sleep_in_bed":1,"minecraft:sneak_time":11,"minecraft:total_world_time":10892,"minecraft:fall_one_cm":2090,"minecraft:fly_one_cm":35606}},"DataVersion":3953}